"","decile","count","avg_pre_sales","avg_Actual_sales"
"1",10,44,12.6850986068705,12.6989245658372
"2",9,44,12.3827457004438,12.3578455938996
"3",8,44,12.2425640376109,12.2576053370564
"4",7,43,12.1414933317278,12.1367534142938
"5",6,44,12.0440950541156,12.0282492677532
"6",5,44,11.9604837007581,11.9507698178135
"7",4,43,11.8533799581205,11.8662009884982
"8",3,44,11.7713234680509,11.7745013361371
"9",2,44,11.6633897138839,11.6779064885369
"10",1,44,11.4510292790222,11.4470297024362
